{"scale": 0.0028172738384455442, "out": [-0.07078536599874496, 0.039249859750270844, 0.02026890404522419, -0.06291824579238892, -0.07078536599874496, 0.039249859750270844, 0.02026890404522419, -0.06291824579238892, -0.07078536599874496, 0.039249859750270844, 0.02026890404522419, -0.06291824579238892, -0.07078536599874496, 0.039249859750270844, 0.02026890404522419, -0.06291824579238892, -0.07078536599874496, 0.039249859750270844, 0.02026890404522419, -0.06291824579238892, -0.07078536599874496, 0.039249859750270844, 0.02026890404522419, -0.06291824579238892, -0.07078536599874496, 0.039249859750270844, 0.02026890404522419, -0.06291824579238892, -0.07078536599874496, 0.039249859750270844, 0.02026890404522419, -0.06291824579238892, -0.07078536599874496, 0.039249859750270844, 0.02026890404522419, -0.06291824579238892, -0.07078536599874496, 0.039249859750270844, 0.02026890404522419, -0.06291824579238892, -0.07078536599874496, 0.039249859750270844, 0.02026890404522419, -0.06291824579238892, -0.07078536599874496, 0.039249859750270844, 0.02026890404522419, -0.06291824579238892, -0.07078536599874496, 0.039249859750270844, 0.02026890404522419, -0.06291824579238892, -0.07078536599874496, 0.039249859750270844, 0.02026890404522419, -0.06291824579238892, -0.07078536599874496, 0.039249859750270844, 0.02026890404522419, -0.06291824579238892, -0.07078536599874496, 0.039249859750270844, 0.02026890404522419, -0.06291824579238892, -0.07078536599874496, 0.039249859750270844, 0.02026890404522419, -0.06291824579238892, -0.07078536599874496, 0.039249859750270844, 0.02026890404522419, -0.06291824579238892, -0.07078536599874496, 0.039249859750270844, 0.02026890404522419, -0.06291824579238892, -0.07078536599874496, 0.039249859750270844, 0.02026890404522419, -0.06291824579238892, -0.07078536599874496, 0.039249859750270844, 0.02026890404522419, -0.06291824579238892, -0.07078536599874496, 0.039249859750270844, 0.02026890404522419, -0.06291824579238892, -0.07078536599874496, 0.039249859750270844, 0.02026890404522419, -0.06291824579238892, -0.07078536599874496, 0.039249859750270844, 0.02026890404522419, -0.06291824579238892, -0.07078536599874496, 0.039249859750270844, 0.02026890404522419, -0.06291824579238892, -0.07078536599874496, 0.039249859750270844, 0.02026890404522419, -0.06291824579238892, -0.07078536599874496, 0.039249859750270844, 0.02026890404522419, -0.06291824579238892, -0.07078536599874496, 0.039249859750270844, 0.02026890404522419, -0.06291824579238892, -0.07078536599874496, 0.039249859750270844, 0.02026890404522419, -0.06291824579238892, 7.667304992675781, 6.136148929595947, -8.475943565368652, 2.017080307006836, 31.95456314086914, 30.82887077331543, -35.43500518798828, 6.075479030609131, 77.73234558105469, 73.37796783447266, -79.55686950683594, 13.68303108215332, 118.3497085571289, 128.89259338378906, -129.17904663085938, 12.724133491516113, 94.13587951660156, 181.00225830078125, -171.39964294433594, -34.09987258911133, 72.68096923828125, 253.29913330078125, -158.95932006835938, -64.08698272705078, 54.75466537475586, 229.58547973632812, -146.85023498535156, -54.898155212402344, 49.56418228149414, 306.445068359375, -160.83740234375, -101.8694076538086, -7.996236324310303, 187.38343811035156, -7.855309009552002, -34.53241729736328, -0.07078536599874496, 0.039249859750270844, 0.02026890404522419, -0.06291824579238892, -0.07078536599874496, 0.039249859750270844, 0.02026890404522419, -0.06291824579238892, -0.07078536599874496, 0.039249859750270844, 0.02026890404522419, -0.06291824579238892, -0.07078536599874496, 0.039249859750270844, 0.02026890404522419, -0.06291824579238892, 16.633703231811523, 97.74922943115234, -127.89434814453125, -60.96949005126953, 38.68074417114258, 300.0901184082031, -162.2068634033203, -85.75369262695312, -14.717565536499023, 248.34893798828125, -132.2176971435547, -83.55388641357422, -78.17510986328125, 170.02093505859375, -88.00856018066406, -86.32437896728516, -100.97268676757812, 128.65753173828125, -75.42770385742188, -111.68486785888672, -120.66729736328125, 71.82921600341797, 25.124643325805664, -80.92140197753906, -135.09017944335938, -91.79266357421875, 36.05289840698242, -49.38877868652344, -148.4488067626953, -137.43960571289062, 82.01764678955078, -41.17216491699219, -66.93448638916016, -77.47492218017578, 50.713008880615234, -59.20846176147461, -0.07078536599874496, 0.039249859750270844, 0.02026890404522419, -0.06291824579238892, -0.07078536599874496, 0.039249859750270844, 0.02026890404522419, -0.06291824579238892, -0.07078536599874496, 0.039249859750270844, 0.02026890404522419, -0.06291824579238892, -0.07078536599874496, 0.039249859750270844, 0.02026890404522419, -0.06291824579238892, -33.24193572998047, -12.809555053710938, -51.18842315673828, 10.193774223327637, -152.08108520507812, -93.98699188232422, 54.09214782714844, -48.18899154663086, -86.84809112548828, 12.992338180541992, -55.53306579589844, -85.50513458251953, -142.73500061035156, 43.048954010009766, 59.6657829284668, -70.10211944580078, -119.43952178955078, -142.15682983398438, 34.351619720458984, -18.18450355529785, -120.71237182617188, -108.16741180419922, 119.14916229248047, -64.40306854248047, -0.07078536599874496, 0.039249859750270844, 0.02026890404522419, -0.06291824579238892, -0.07078536599874496, 0.039249859750270844, 0.02026890404522419, -0.06291824579238892, -0.07078536599874496, 0.039249859750270844, 0.02026890404522419, -0.06291824579238892, -0.07078536599874496, 0.039249859750270844, 0.02026890404522419, -0.06291824579238892, -0.07078536599874496, 0.039249859750270844, 0.02026890404522419, -0.06291824579238892, -0.07078536599874496, 0.039249859750270844, 0.02026890404522419, -0.06291824579238892, -0.07078536599874496, 0.039249859750270844, 0.02026890404522419, -0.06291824579238892, -0.07078536599874496, 0.039249859750270844, 0.02026890404522419, -0.06291824579238892, -3.7847483158111572, -4.584514617919922, 4.6101226806640625, 2.170795202255249, -46.63283920288086, 48.3070068359375, -107.46540069580078, -19.329160690307617, -26.287986755371094, 108.12014770507812, 21.353662490844727, -91.12012481689453, -2.749065637588501, 24.603694915771484, -14.190664291381836, -9.407654762268066, -0.07078536599874496, 0.039249859750270844, 0.02026890404522419, -0.06291824579238892, -0.07078536599874496, 0.039249859750270844, 0.02026890404522419, -0.06291824579238892, -0.07078536599874496, 0.039249859750270844, 0.02026890404522419, -0.06291824579238892, -0.07078536599874496, 0.039249859750270844, 0.02026890404522419, -0.06291824579238892, -0.07078536599874496, 0.039249859750270844, 0.02026890404522419, -0.06291824579238892, -0.07078536599874496, 0.039249859750270844, 0.02026890404522419, -0.06291824579238892, -0.07078536599874496, 0.039249859750270844, 0.02026890404522419, -0.06291824579238892, -0.07078536599874496, 0.039249859750270844, 0.02026890404522419, -0.06291824579238892, -0.07078536599874496, 0.039249859750270844, 0.02026890404522419, -0.06291824579238892, -0.07078536599874496, 0.039249859750270844, 0.02026890404522419, -0.06291824579238892, -21.28488540649414, -15.600454330444336, -37.308616638183594, 19.472082138061523, -70.65750122070312, 14.920161247253418, -26.328536987304688, -88.54338073730469, 68.33672332763672, 257.5682373046875, -124.32417297363281, -66.4579849243164, 17.43822479248047, 132.4337158203125, -52.39753723144531, -21.883190155029297, -0.966626763343811, 8.574983596801758, -5.159055709838867, -3.3887507915496826, -0.07078536599874496, 0.039249859750270844, 0.02026890404522419, -0.06291824579238892, -0.07078536599874496, 0.039249859750270844, 0.02026890404522419, -0.06291824579238892, -0.07078536599874496, 0.039249859750270844, 0.02026890404522419, -0.06291824579238892, -0.07078536599874496, 0.039249859750270844, 0.02026890404522419, -0.06291824579238892, -0.07078536599874496, 0.039249859750270844, 0.02026890404522419, -0.06291824579238892, -0.07078536599874496, 0.039249859750270844, 0.02026890404522419, -0.06291824579238892, 