{"scale": 0.0006842442671768367, "out": [-68.18070983886719, 54.53226089477539, -274.31561279296875, 6.431163311004639, 63.187294006347656, -95.02881622314453, -32.228553771972656, 264.7417297363281, 54.8962516784668, 37.296173095703125]}