{"scale": 6.967384006397277e-10, "out": [-2.818033218383789, -7.8118085861206055, 3.401918411254883, 0.27658188343048096, -14.287446022033691, -11.729616165161133, -29.313859939575195, 12.413387298583984, -5.904109477996826, -2.5447800159454346], "label": 7}